KldB_Code_5,Berufsbenennung
73293,Abschnittsleiter/in (Sozialversicherung)
41194,Abteilungsleiter/in - Statistik
41494,Abteilungsleiter/in (Metallographie)
34313,Abwasserberater/in
34313,Abwassertechniker/in
92133,Account-Manager/in
81382,Ambulante/r Krankenschwester/-pfleger
81382,Ambulanzschwester/-pfleger
34212,"Anlagenmechaniker/in - Sanitär-, Heizungs- und Klimatechnik"
43152,Assistent/in - Informatik (Medieninformatik)
72243,Assistent/in - Wirtschaftsprüfung
28294,Atelierleiter/in - Bekleidung
28394,Atelierleiter/in - Rauchwaren
28194,Atelierleiter/in - Stickerei
28194,Atelierleiter/in - Weberei
81382,Aufnahmeschwester/-pfleger
33122,Ausbaufacharbeiter/in - Estricharbeiten
71452,Auskunfterteiler/in
61214,Außenwirtschaftsmanager/in
41203,Bachelor of Science - Biowissenschaften
41303,Bachelor of Science - Chemie
41383,Bachelor of Science - Chemie (anorganische Chemie)
41103,Bachelor of Science - Mathematik
41283,Bachelor of Science - Molekularbiologie
82283,Bachelor of Science - Ökotrophologie
41403,Bachelor of Science - Physik
81382,Badeschwester/-pfleger
31154,Baudenkmalpfleger/in (Architekt/in)
31133,Bauingenieur/in (FS) - Brückenbau
32233,Bauingenieur/in (FS) - Eisenbahnbau
32223,Bauingenieur/in (FS) - Straßenbau
25223,Baumaschinentechniker/in
73323,"Beamt(er/in) - Bibliotheks-, Dokumentationsdienst (geh.Diens"
73323,Beamt(er/in) - Bibliotheksdienst (geh. Dienst)
51663,Beamt(er/in) - Postdienst (geh. techn. Dienst)
51663,Beamt(er/in) - Postdienst (höh. techn. Dienst)
34212,Bearbeiter/in für Gas- und Wasserinst. (§66 BBiG/§42m HWO)
28343,Bekleidungsgestalter/in - Kürschnerei
28343,Bekleidungsgestalter/in - Pelznähen
21194,Bergwerksdirektor/in
34212,Berufskollegiat/in - Sanitär- u. Heizungstechnik
34323,Berufsspezialist/in - Verteilnetztechnik
84503,Berufstrainer/in - Sport
82494,Bestattungsunternehmer/in
21194,Betriebsdirektor/in (Bergbau)
21194,Betriebsführer/in (Bergbau)
21194,Betriebsleiter/in - Bergbau
12294,Betriebsleiter/in - Floristik
12194,Betriebsleiter/in - Gartenbau
63194,Betriebsleiter/in - Gesundheitswesen/Freizeit/Fitness
29194,Betriebsleiter/in - Getränketechnik
53244,"Betriebsleiter/in - Justiz-, Strafvollzugsdienst"
11194,Betriebsleiter/in - landwirtschaftlich
11694,Betriebsleiter/in - Weinbau
11194,Betriebsleiter/in (ökolog. Betrieb)
63213,Betriebsökonom/in - Hotel- u. Gaststättenwesen
73224,Betriebswirt/in - Krankenhaus
73224,Betriebswirt/in - Krankenhausmanagement
51613,Betriebswirt/in (Ausbildung) - Verkehr/Logistik
63313,Betriebswirt/in (Fachschule) - Cat./Verpf./B. Prof. Wirtsch.
63213,Betriebswirt/in (Fachschule) - Hotel/Gast./B. Prof. Wirtsch.
51613,Betriebswirt/in (Fachschule) - Verkehr
92114,Betriebswirt/in (Hochschule) - Dienstleistungsmanagement
73224,Betriebswirt/in (Hochschule) - Gesundheitswesen
61204,Betriebswirt/in (Hochschule) - Handel
92114,Betriebswirt/in (Hochschule) - Marketing
72304,Betriebswirt/in (Hochschule) - Steuern und Prüfungswesen
51614,Betriebswirt/in (Hochschule) - Verkehr
92114,"Betriebswirt/in (Hochschule) - Werbung, Marketingkommunik."
63213,"Betriebswirt/in (staatl. gepr.) - Hotel-, Gaststättengewerbe"
73323,Bibliothekar/in - Staatliche Allgemeinbibliotheken
73323,Bibliothekar/in - Wissenschaftliche Bibliotheken
73323,Bibliotheksbeamt(er/in) (geh. Dienst)
41283,Biochemietechniker/in
41283,Biotechniker/in (Genetik)
24382,Blechemaillierer/in
33122,"Bodenleger/in (Estrich, Terrazzo)"
21193,Bohrmeister/in
21193,Bohrschichtführer/in
25242,Bootsbauer/in - Technik
25242,Bootsmechaniker/in
41244,Botaniker/in
92114,Brand-Manager/in
29113,Brautechniker/in
29134,Brennereiingenieur/in
29133,Brennereitechniker/in
34212,"Brennerspezialist/in (Gas-, Ölfeuerungsanlagen)"
31133,Brückenbaukonstrukteur/in
62514,Buchhändler/in (Hochschule)
73224,Caritaswissenschaftler/in (Uni)
92114,Category-Manager/in
25294,Chefflugingenieur/in
92133,CRM-Manager/in
92133,Customer Relationship Manager/in
81784,Diabetes- und Gesundheitswissenschaftler/in
92114,Dienstleistungsmanagementbetriebswirt/in (Hochschule)
11214,Dipl.-Agraring./Dipl.Landwirt/in (Uni) - Tierproduktion
63213,Dipl.-Betriebswirt/in (BA) - Hotelmanagement
92114,Dipl.-Betriebswirt/in (FH) - Marketing
92114,Dipl.-Betriebswirt/in (FH) - Marketing und Vertrieb
72304,Dipl.-Betriebswirt/in (FH) - Steuern und Prüfungswesen
29104,Dipl.-Braumeister/in
62514,Dipl.-Buchhandelswirt/in (FH)
62514,Dipl.-Buchhändler/in (Uni)
11494,Dipl.-Fischereiing./in (Uni)-Fischproduktion
61204,Dipl.-Handelswirt/in
29284,Dipl.-Ing. - Milch- und Lebensmitteltechnologie
29104,Dipl.-Ing. (FH) - Getränketechnologie
25184,"Dipl.-Ing. (FH) - Maschinenbau (Förder-, Förderanlagentech.)"
25184,Dipl.-Ing. (FH) - Maschinenbau (Physikalische Technik)
34344,"Dipl.-Ing. (FH) - Maschinenbau (Verfahrenstechnik,Anlagenb.)"
94484,Dipl.-Ing. (FH) - Medientechnik (Hörfunk)
23314,Dipl.-Ing. (FH) - Photoingenieurwesen und Medientechnik
11114,Dipl.-Ing. (Ing.H) - Mechanisierung der Pflanzenproduktion
11114,Dipl.-Ing. (Ing.H) - Mechanisierung der Tierproduktion
34344,Dipl.-Ing. (Uni) - Anlagenbau
29104,Dipl.-Ing. (Uni) - Brauwesen u. Getränketechnologie
11494,Dipl.-Ing. (Uni) - Fischereitechnik
25184,Dipl.-Ing. (Uni) - Förder- u. Förderanlagentechnik
25184,Dipl.-Ing. (Uni) - Fördertechnik
11114,Dipl.-Ing. (Uni) - Landtechnik
29284,Dipl.-Ing. (Uni) - Lebensmittel (Fleisch- und Fischverar.)
29104,Dipl.-Ing. (Uni) - Lebensmittel (Gärungs- u. Getränkeind.)
29284,Dipl.-Ing. (Uni) - Lebensmittel (Getreideverarbeitung)
29284,Dipl.-Ing. (Uni) - Lebensmittel (Obst- und Gemüseverar.)
24124,Dipl.-Ing. (Uni) - Metallformung
29284,Dipl.-Ing. (Uni) - Milchverarbeitende- und Fettindustrie
51663,Dipl.-Ing. (Uni) - Technik/Technol.Post/Zeitung./Nachrichten
29284,Dipl.-Ing.(Uni) - Lebensmittel (Zucker- und Stärkeindustrie)
92114,Dipl.-Kommunikationswirt/in (Uni)
81744,Dipl.-Kunsttherapeut/in (FH)
81744,Dipl.-Musiktherapeut/in (FH)
73224,Dipl.-Sozialwirt/in
93603,Diplom-Musikinstrumentenbauer/in (FH)
92114,Distributionsforscher/in
34212,"Einstellmonteur/in - Heizungs-, Lüftungs- und Klimaanlagen"
51522,Eisenbahner/in - Betriebsdienst
51522,Eisenbahner/in - Betriebsdienst - Fahrweg
51522,Eisenbahner/in - Zugverkehrssteuerung
25242,Eisenschiffbauer/in
26213,Elektroinstallationstechniker/in
24382,Emaillierer/in
34212,Entstaubungswärter/in
33122,Estricharbeiter/in
33122,Estrichbodenleger/in
33122,Estrichleger/in
61214,Euro-Manager/in
61214,Export Area Manager (Außenwirtschaft)
61214,Exportgruppenleiter/in
61214,Exportmanager/in
82103,Fachaltenpfleger/in
51522,Facharbeiter/in - Betriebs- und Verkehrsdienst der Deutschen
51522,Facharbeiter/in - Eisenbahnbetrieb
51522,Facharbeiter/in - Eisenbahntransporttechnik
24382,Facharbeiter/in - Emailliertechnik
51522,Facharbeiter/in - Rangiertechnik
11223,Fachberater/in - Geflügelzucht
12113,Fachberater/in - Obstbau
84413,Facherzieher/in - Musik
43312,Fachinformatiker/in - Digitale Vernetzung
11722,Fachkraft für Rekultivierung
63313,Fachwirt/in - Gastgewerbe
51643,Fachwirt/in - Luftverkehr
91343,Fachwirt/in - Marktforschung
51613,Fachwirt/in - Personenverkehr und Mobilität
51613,Fachwirt/in - Verkehr
51522,Fahrdienstleiter/in
11194,Farm Manager/in
29283,Feinkost- und Fertiggerichtetechniker/in
29283,Feinkosttechniker/in
21193,"Feldaufseher/in (Erdöl-, Erdgasförderung)"
71452,Fernsprechauskunft
29283,Fertiggerichtetechniker/in
63194,Filialleiter/in (Touristik)
11402,Fischereifacharbeiter/in
11494,Fischereiverwalter/in
11402,Fischergehilfe/-gehilfin
11402,Fischwart/in
11402,Fischwirt/in (mit Schwerpunkten)
11494,Fischzuchtbetriebsleiter/in
11402,Fischzuchtgehilfe/-gehilfin
11494,Fischzuchtleiter/in
63194,Fitnesscenterleiter/in
63194,Fitnessstudioleiter/in
63194,Flughafenstationsleiter/in
21193,"Förderaufseher/in (Erdöl-, Erdgasförderung)"
21193,"Förderschichtführer/in (Erdöl-, Erdgasförderung)"
28113,Formgestalter/in - Flächengestaltung
23314,Fotoingenieur/in
84503,Freizeitsportlehrer/in
84503,Freizeitsportleiter/in
84503,Freizeitsporttrainer/in
84503,Freizeitübungsleiter/in
51183,Funkmeister/in
51183,Funkoffizier/in
51183,Funktechniker/in Seefunk
81382,Funktionskrankenschwester/-pfleger
12194,Gartenbaubetriebsleiter/in
12194,Gartenbauleiter/in
12133,Gartenbautechniker/in - Friedhofsgärtnerei
12194,Gartenbauverwalter/in
34212,Gas- und Wasserinstallateur/in
34212,Gasinstallateur/in
41483,Gastechniker/in
63313,Gastronomiebetriebswirt/in
81352,Geburtsvorbereiter/in
53244,Gefängnisdirektor/in
11223,Geflügelzuchtberater/in
81382,Gemeindeschwester/-pfleger - Krankenpflege
12113,Gemüseanbauberater/in
12113,Gemüsebautechniker/in
41244,Geobotaniker/in
28113,Gestalter/in - Textilgestaltung
28113,Gestalter/in - Textilgestaltung/Gewebe/Maschen
73224,Gesundheitsbetriebswirt/in
29104,Getränkeingenieur/in
29104,Getränketechnologe/-technologin
94252,Go-Go-Girl
21193,Grubenaufseher/in
21194,Grubenbetriebsführer/in
21194,Grubeninspektor/in
41493,Gruppenführer/in (Wärmebehandlungstechnik)
41493,Gruppenleiter/in - Physikalisches Labor
41493,Gruppenleiter/in - Physiklabor
93613,Gutachter/in - Zupfinstrumente
11194,Gutsverwalter/in
61204,Handelsbetriebswirt/in (Hochschule)
61204,Handelswissenschaftler/in
93653,Harmoniumrestaurator/in
81352,Hebammenhelfer/in
34212,Heizungs- und Sanitärinstallateur/in
34212,Heizungsanlagenbauer/in
34212,Heizungsbauer/in
34212,Heizungsinstallateur/in
34212,Heizungsmonteur/in
34212,Heizungsrohrleger/in
22201,Helfer/in - Farb- und Lacktechnik
21411,Helfer/in - Keramik
29301,Helfer/in - Küche
33211,"Helfer/in - Malerei, Lackiererei"
11501,Helfer/in - Tierpflege
22201,Helfer/in - Warenlackiererei
22201,Helfer/in - Warenmalerei
22201,"Helfer/in - Warenmalerei, -lackiererei"
22312,Holzimprägnierer/in
22312,Holztrockner/in
63213,Hotel- und Gastronomiemanagement-Ökonom/in (VWA)
63213,Hotelbetriebswirt/in
25184,Hydraulikingenieur/in
22312,Imprägnierer/in (Holz)
26193,Industriemeister/in - Mechatronik
23193,Industriemeister/in - Papier
23193,Industriemeister/in - Papier- und Kunststoffverarbeitung
23193,Industriemeister/in - Papier- und Pappeverarbeitung
23193,Industriemeister/in - Papiererzeugung
23193,Industriemeister/in - Papierverarbeitung
51193,Industriemeister/in - Techn. Wagenbehandlung - Eisenbahn
41493,Industriemeister/in - Wärmebehandlungstechnik
41493,Industriemeister/in - Werkstoffprüfung (Industrie)
43152,Informatikassistent/in - Medieninformatik
34344,Ingenieur/in - Anlagenbau/-technik
25184,Ingenieur/in - Druckmaschinen und Druckverfahren
25184,Ingenieur/in - Förder- und Förderanlagentechnik
25184,Ingenieur/in - Fördertechnik
29104,Ingenieur/in - Getränketechnik
29104,Ingenieur/in - Getränketechnologie
34234,Ingenieur/in - Kältesystemtechnik
81224,Ingenieur/in - Kardiotechnik
24304,Ingenieur/in - Korrosionsschutztechnik
11114,Ingenieur/in - Landbau
11114,Ingenieur/in - Landtechnik
24244,Ingenieur/in - Lasertechnik
34344,"Ingenieur/in - Maschinenbau (Verfahrenstechnik, Anlagenbau)"
24124,Ingenieur/in - Metallformung
29284,Ingenieur/in - Milchwirtschaft
11114,Ingenieur/in - regenerative Boden- und Landtechnik
27284,Ingenieur/in - Sport
25254,Ingenieur/in - Zweiradtechnik
51663,Ingenieur/in (FS) - Post- und Zeitungswesen
28113,Ingenieur/in (FS) - Textilgestaltung
29283,Ingenieur/in Lebensmittelindustrie (FS) - Technol. Fischv.
29283,Ingenieur/in Lebensmittelindustrie (FS) - Technol. Getreide.
29283,Ingenieur/in Lebensmittelindustrie (FS) - Technol.Öl/Margar.
29283,Ingenieur/in Lebensmittelindustrie (FS) - Technol.Zuckerprod
29283,Ingenieur/in Lebensmittelindustrie (FS)- Technol.Tabakindust
29283,Ingenieur/in Lebensmittelindustrie (FS)-Techn. Obst-Gemüsev.
29283,Ingenieur/in Lebensmittelindustrie (FS)-Technol.Süßwarenind.
34212,Installateur/in - Energie- und Gebäudetechnik
34212,"Installateur/in - Heizung, Lüftung"
84503,Jugendtrainer/in (Übungsleiter/in)
26263,Kabeltechniker/in
23193,Kalandermeister/in
34234,Kälteingenieur/in
34234,Kältemaschineningenieur/in
34313,Kanalprüftechniker/in
31223,Kartografieingenieur/in (FS)
21411,Keramikarbeiter/in
21411,Keramikhelfer/in
92133,Key-Account-Manager/in
34212,Klempner/in und Installateur/in
34212,Klima- u. Lüftungsanlagenmaschinist/in
34212,Klima- u. Lüftungsanlagenwärter/in
34212,Klimaanlageninstallateur/in
34212,Klimaanlagenmechaniker/in
81744,Klinische/r Kunsttherapeut/in und Gestaltungstherapeut/in
81744,Klinische/r Musiktherapeut/in
29301,Kochassistent/in
29283,Konserventechniker/in
27283,Konstrukteur/in - Modellbaumechanik
25243,Konstrukteur/in - Schiffbau
41324,Kontrollleiter/in (Arzneimittel)
22312,Korkmacher/in
22312,Korkmaschinenarbeiter/in (Korkmacher/in)
24304,Korrosionsschutzingenieur/in
11742,Kräutersammler/in
29394,"Küchendirektor/in (Gaststätte, Hotel)"
29301,Küchenhelfer/in
29301,Küchenhilfe
34234,Kühlanlageningenieur/in
34212,Kühlanlagenwärter/in
92133,Kundenmanager/in
93382,Kunstblumenfacharbeiter/in
93303,Kunsthandwerkliche/r Restaurator/in
93303,Kunstrestaurator/in
63194,Kurdirektor/in
84503,Kurssportlehrer/in
41324,Laboratoriumsingenieur/in (Chemie)
41324,Laboringenieur/in (Chemie)
41394,Laborleiter/in - Chemieindustrie
81294,Laborleiter/in - Medizinisch-technisches Labor
41494,Laborleiter/in - Metallographie
82594,Laborleiter/in - Otoplastik
41494,Laborleiter/in - Physikalisches Labor
41494,Laborleiter/in - Werkstoffprüfung (Metalltechnik)
41494,Laborleiter/in - Werkstofftechnik
82594,Laborleiter/in - Zahnlabor
41394,Laborleiter/in/Chemiker/in (Uni)
33211,Lackiererhelfer/in
51193,Lagerhalter/in - Schiff
81352,Laktationsberater/in
11114,Landbauingenieur/in
25223,Landmaschinentechniker/in
11194,Landwirtschaftliche/r Betriebsleiter/in
11194,Landwirtschaftliche/r Verwalter/in
11194,Landwirtschaftsleiter/in
24244,Laseringenieur/in
29283,Lebensmitteltechniker/in - Feinkost und Fertiggerichte
29243,Lebensmitteltechniker/in - Fischtechnik
34212,Leckageorter/in
43494,Leiter/in - Anwendungsentwicklung (EDV)
43294,Leiter/in - Benutzerservicezentrum (EDV)
82494,Leiter/in - Bestattungsunternehmen
28194,Leiter/in - Endaufmachung (Maschenindustrie)
27194,Leiter/in - Forschung und Entwicklung
43194,Leiter/in - Informatik
43194,Leiter/in - Informationsmanagement
27194,Leiter/in - Innovationsmanagement
27294,Leiter/in - Konstruktion
51394,Leiter/in - Lagerwirtschaft
51394,Leiter/in - Lagerwirtschaft/Materialwirtschaft
21194,Leiter/in - Maschinenabteilung (Bergbaumaschinentechnik)
71594,Leiter/in - Personal
71594,Leiter/in - Personalentwicklung
28294,Leiter/in - Polsterei und Montage
92294,Leiter/in - Presse- und Öffentlichkeitsarbeit
29194,"Leiter/in - Produktionsabteilung (Brauwesen, Getränketechn.)"
43494,Leiter/in - Programmierung
92294,Leiter/in - Public Affairs (Lobbying)
73194,Leiter/in - Rechtsabteilung
73194,Leiter/in - Rechtsreferat
71594,Leiter/in - Recruiting
63194,Leiter/in - Reisebüro
42394,Leiter/in - Sachverständigenbüro für Umweltfragen
21194,Leiter/in - Sicherheitsdienstes (Bergbau)
43494,Leiter/in - Softwareentwicklung
41194,Leiter/in - Statistik
72304,Leiter/in - Steuerwesen/Steuerkanzlei
63194,Leiter/in - Touristinformation
92294,Leiter/in - Unternehmenskommunikation
28194,Leiter/in - Warenschau (Maschenindustrie)
41494,Leiter/in - Werkstoffprüflabor
28394,Leiter/in - Zuschneiderei (Rauchwaren)
41494,Leiter/in einer Baustoffprüfstelle
41493,Leiter/in einer Prüfgruppe (Halbleitertechnik)
41493,Leiter/in einer Prüfgruppe (Metalltechnik)
41493,Leiter/in einer Prüfgruppe (Werkstoffprüfung)
73293,Leiter/in Oberfinanzkasse (g.D. - Steuerverwaltung)
41244,Lichenologe/Lichenologin
84503,Lizenztrainer/in
31223,Luftbildtechniker/in
51643,Luftfrachtagent/in
34212,Lüftungs- und Klimaanlagenbauer/in
34212,Lüftungsanlagenbauer/in
34212,Lüftungsanlagenmechaniker/in
34212,Lüftungsbauer/in
34212,Lüftungsinstallateur/in
34212,Lüftungsklempner/in
34212,Lüftungsmonteur/in
34212,Lüftungsspengler/in
51614,Luftverkehrsmanager/in
33211,Maler- und Lackiererhelfer/in
33213,Maler- und Lackierermeister/in - Restaurierungsarbeiten
33213,Maler/in und Lackierer/in - Restaurierungsarbeiten
33211,Malerhelfer/in
92114,Marketingsbetriebswirt/in (Hochschule)
92114,Marketing-Service-Manager/in
34323,Maschineningenieur/in (FS) - Rohrleitungen und Isolierungen
25243,Maschineningenieur/in (FS) - Schiffbautechnik
11214,Master of Science - Nutztierwissenschaften
32123,Maurer/in - Restaurierungsarbeiten
26193,Mechatronikermeister/in
81294,Medizinisch-technische/r Laborleiter/in
26193,Meister/in - Automatisierte Fertigungssysteme
26193,Meister/in - Automatisierungstechnik
21193,Meister/in - Bergbautechnologie (Tagebau)
21193,Meister/in - Bergbautechnologie (Tiefbau)
26193,Meister/in - BMSR-Technik
51193,Meister/in - Eisenbahnmaschinentechnik
26193,Meister/in - Elektrische Industrieanlagen
26193,Meister/in - Mechatronik
23193,Meister/in - Papiererzeugung
23193,Meister/in - Papierverarbeitung
53393,Meister/in - Schädlingsbekämpferhandwerk
53393,Meister/in - Schädlingsbekämpfung
51193,Meister/in - Schiffsbetriebsdienst
51193,Meister/in - Schiffsbetriebstechnik
51193,Meister/in - Schiffsmaschinen C-Patent/Seeschifffahrt
51193,Meister/in - Schiffsmaschinenbetrieb
51193,Meister/in - Schiffsmaschinenbetrieb (Seeschiff)
21193,Meister/in - Sprengtechnik
51193,Meister/in - Technische Wagenbehandlung (Eisenbahn)
21193,Meister/in - Tiefbohrtechnik
21193,Meister/in - Tiefbohrtechnik (Bergbau)
23193,Meister/in - Verpackungstechnik
23193,"Meister/in - Zellstoff-, Papier- und Verpackungstechnik"
25242,Metallschiffbauer/in
24123,Metallumformungstechniker/in
29284,Milchwirtschaftsingenieur/in
81382,Mobile/r Kinderkrankenschwester/-pfleger
25184,Motorenbauingenieur/in
84413,Musikfacherzieher/in
93604,Musikinstrumentenbauer/in (Hochschule)
81382,Nachtschwester/-pfleger
11722,Naturschutzwart/in
27284,Normeningenieur/in
27283,Normensachbearbeiter/in
27283,Normungsexperte/-expertin
12113,Obstbauberater/in
12113,Obstbautechniker/in
29283,Obstverwertungstechniker/in
21411,Ofenarbeiter/in (Keramik)
63213,Ökonom/in - Gaststätten- und Hotelwesen
73224,Ökonom/in (Hochschule) - Betriebsw. d. Gesundh.-/Sozialwes.
51614,Ökonom/in (Hochschule) - Verkehrswesen
34212,Öl- und Gasfeuerungsmonteur/in
34212,Ölfeuerungsmonteur/in
34212,Ölheizungsmonteur/in
93653,Orgel- u. Harmoniumbauer/in - Restaurator/in
41244,Paläobotaniker/in
23193,Papiererzeugungsmeister/in
23193,Papiermachermeister/in
23193,Papierverarbeitungsmeister/in
33133,Parkettleger/in - Restaurierungsarbeiten
33133,Parkettrestaurator/in
24382,Patinierer/in
71594,Personalabteilungsleiter/in
71594,Personalchef/in
71594,Personaldirektor/in
71594,Personalleiter/in
41244,Pflanzenphysiologe/-physiologin
41244,Pflanzenvirologe/-virologin
81714,Physiotherapeut/in (Hochschule)
11742,Pilzsammler/in
51663,Postbeamt(er/in) (geh. techn. Dienst)
21411,Produktionshelfer/in - Keramik
21411,Produktionshelfer/in - Porzellanindustrie
21194,Produktionsleiter/in - Bergbau
29194,"Produktionsleiter/in - Brauwesen, Getränketechnik"
41394,Produktionsleiter/in - Chemieindustrie
94484,"Programmgestalter/in (Rundfunk, Fernsehen)"
25243,Projektassistent/in - Schiffbautechnik
94252,Prostituierte/r
41493,Prüfgruppenleiter/in (Halbleitertechnik)
72243,Prüfungsassistent/in - Wirtschaftsprüfung
51522,Rangierarbeiter/in
51522,Rangierbegleiter/in
21193,Räumstellenleiter/in
92133,Relationship-Manager/in
93383,Restaurator/in - archäologisches Kulturgut
93533,Restaurator/in - Graveurhandwerk/M. Prof. Restaurierung
93303,Restaurator/in - Kunst- und Kulturgut
93303,Restaurator/in - Kunsthandwerk
33213,Restaurator/in - Maler- u. Lackiererhw./M. Prof. Restaur.
32123,Restaurator/in - Maurer-u. Betonbauerhw./M. Prof. Restaur.
93603,Restaurator/in - Musikinstrumentenbau
93653,Restaurator/in - Orgel-u. Harmoniumbauerhw/M. Prof. Restaur.
33133,Restaurator/in - Parkettlegerhandwerk/M. Prof. Restaurierung
28113,Restaurator/in - Stickereien
33223,Restaurator/in - Stuckateurhandwerk/M. Prof. Restaurierung
24533,Restaurator/in - Uhrmacherhandwerk/M. Prof. Restaurierung
93343,Restaurator/in - Vergolderhandwerk/M. Prof. Restaurierung
72243,"Revisionsassistent/in (Bank, Sparkasse)"
11512,Rindviehpfleger/in
34212,Rohrinstallateur/in
34212,Rohrinstallateur/in u. Klempner/in
34323,Rohrleitungstechniker/in
34323,Rohrnetzplaner/in
34323,Rohrnetztechniker/in
34323,Rohrplaner/in
27283,Sachbearbeiter/in - Normen
34212,Sanitärinstallateur/in
34212,Sanitärmonteur/in
26253,Schaltanlagentechniker/in
21193,"Schichtführer/in (Erdöl-, Erdgasgewinner)"
25242,Schiffbauer/in
25242,Schiffbauschlosser/in
25243,Schiffbauservicetechniker/in
25243,Schiffbautechniker/in
51193,Schiffsbetriebsmeister/in
25243,Schiffsmaschinenbautechniker/in
25242,Schiffsmaschinenschlosser/in
25242,Schiffsmechaniker/in
25242,Schiffsmechaniker/in - Maschinendienst
25243,Schiffstechniker/in
26264,Schwachstromingenieur/in
25223,Servicetechniker/in - Land- und Baumaschinen
43494,Software-Projektleiter/in
27284,Sportingenieur/in
84503,Sportlehrer/in
84503,Sportlehrer/in (staatl.gepr. )
84503,Sportlehrkraft
84503,Sporttrainer/in
21193,Sprengstoffaufseher/in
34212,Sprinklermonteur/in
25242,Stahlschiffbauer/in
26264,Starkstromingenieur/in
26263,Starkstromtechniker/in
33122,Steinholzleger/in
33122,Steinholzleger/in und Spezialestrichhersteller/in
51522,Stellwerkswärter/in
72304,Steuerberater/in
72304,Steuerbevollmächtigte/r
72304,Steuerreferent/in
28113,Stickereitechniker/in
81352,Stillberater/in
21193,Strebmeister/in
94252,Striptease-Tänzer/in
33223,Stuckateur/in - Restaurierungsarbeiten
33223,Stuckrestaurator/in
29273,Tabakwarentechniker/in
72304,Tax-Manager/in
43152,Techn. Assistent/in - Medieninformatik
21363,Techniker/in - (Fein-)Optik
34313,Techniker/in - Abwassertechnik
32223,Techniker/in - Bautechnik (Straßenbau)
31133,Techniker/in - Bautechnik (Verkehrsbau)
29113,Techniker/in - Brautechnik
29133,Techniker/in - Brennereitechnik
31133,Techniker/in - Brückenbau
26223,Techniker/in - Elektromaschinentechnik
26253,Techniker/in - Elektrotechnik (Betriebstechnik)
26253,Techniker/in - Elektrotechnik (Prozesstechnik)
29243,Techniker/in - Fischtechnik
12133,Techniker/in - Gartenbau (Friedhofsgärtnerei)
12113,Techniker/in - Gartenbau (Gemüsebau)
32233,Techniker/in - Gleisbautechnik
31223,Techniker/in - Kartentechnik
31223,Techniker/in - Kartografie
29283,Techniker/in - Konserventechnik
29283,Techniker/in - Lebensmitteltechnik (Konserventechnik)
25223,Techniker/in - Maschinentechnik (Landmaschinentechnik)
24123,Techniker/in - Metallumformung
29283,Techniker/in - Obst- und Gemüseverwertung
12113,Techniker/in - Obstbau u. Obstverwertung
12113,Techniker/in - Obstbau und Obstveredelung
25243,Techniker/in - Schiffbautechnik
28113,Techniker/in - Stickerei
32223,Techniker/in - Straßenbau
63313,Techniker/in - Systemgastronomie
29273,Techniker/in - Tabakwaren
29283,Techniker/in - Technologie der Fertiggerichte und Feinkost
51513,Techniker/in - Technologie des Straßentransportes
51663,Techniker/in - Technologie Post- und Zeitungswesen
28103,Techniker/in - Textiltechnik/B. Prof. Technik
31133,Techniker/in - Verkehrsbau
51513,Techniker/in - Verkehrsmanagement (Straßenverkehr)
34313,Techniker/in - Wasserbewirtschaftung
34313,Techniker/in - Wasserver- und entsorgung
34313,Techniker/in - Wasserversorgung und Abwasserbehandlung
34313,Techniker/in - Wasserversorgungstechnik
31143,Techniker/in - Wasserwirtschaftsverwaltung
41494,Technische/r Leiter/in - Physiktechnik
26253,Technologiekollegiat/in - Energieelektroniker/in
11494,Teichverwalter/in
71452,Telefonauskunft
33122,Terrazzoleger/in
28113,Textilgewebegestalter/in (FS)
93382,Textilschmuckmacher/in
28103,Textiltechniker/in (staatl.gepr. )
21193,Tiefbohrmeister/-in (Bergbau)
11512,Tierpfleger/in - Nutztierhaltung
11501,Tierpflegerhelfer/in
11502,Tierwärter/in
21193,Torfmeister/in
84503,Trainer/in - Leistungssport
22312,Trockenanlagenführer/in (Holztrocknung)
84503,Übungsleiter/in
84503,Übungsleiter/in - Breitensport
84503,Übungsleiter/in - Prävention/Rehabilitation
24533,Uhrenrestaurator/in
24533,Uhrentechniker/in
41244,Vegetationskundler/in
93343,Vergoldermeister/in - Restaurierungsarbeiten
63194,Verkehrsamtsdirektor/in
31133,Verkehrsbautechniker/in
51614,Verkehrsbetriebswirt/in (Hochschule)
63194,Verkehrsdirektor/in
51613,Verkehrsfachwirt/in
51613,Verkehrsfachwirt/in (Güterverkehr)
51613,Verkehrsfachwirt/in (Personenverkehr)
51513,Verkehrsingenieur/in (FS) - Technologie des Kraftverkehrs
63194,Verkehrsvereinsdirektor/in
51614,Verkehrswirtschaftler/in
23193,Verpackungsleiter/in
63313,Verpflegungsbetriebswirt/in
51394,Versandleiter/in
81243,Veterinäringenieur/in (FS) - Veterinärmedizin
81243,Veterinäringenieur/in (FS) -Veterinärmedizin (Labordiagnose)
81243,Veterinärtechniker/in
11501,Viehpfleger/in
34212,"Vorarbeiter/in - Sanitär-, Heizungs- und Klimatechnik"
33122,Vorarbeiter/in (Estricharbeiten)
34212,Vorarbeiter/in (Gas- u. Wasserinstallation)
11742,Waldfrüchtesammler/in
24124,Walzwerksingenieur/in
22201,Warenlackiererhelfer/in
22201,Warenmaler- und Warenlackiererhelfer/in
22201,Warenmalerhelfer/in
34313,Wasserbewirtschaftungstechniker/in
34313,Wasserentsorgungstechniker/in
34212,Wasserinstallateur/in
34313,Wasserversorgungsberater/in
34313,Wasserversorgungstechniker/in
31143,Wasserwirtschaftsingenieur/in (FS) - Wasserbewirtschaftung
31143,Wasserwirtschaftsingenieur/in (FS) - Wasserversorg./Abwasser
51522,Weichenwärter/in
11194,Weideverwalter/in
11694,Weingutsverwalter/in
92114,Werbemanager/in
23193,"Werkführer/in (Papier-, Zellstoffherstellung)"
82594,Werkstattleiter/in (Orthopädie-Technik)
63213,Wirtschaftler/in - Gaststätten- und Hotelwesen
51613,Wirtschaftler/in - Transportwesen
72243,Wirtschaftsprüfungsassistent/in
11194,Wirtschaftsverwalter/in
81352,Wochenbettpfleger/in
81352,Wochenpfleger/in
41482,Wünschelrutengänger/in
21411,Zahnformer/in
82594,Zahntechnische/r Laborleiter/in
34212,Zentralheizungs- und Lüftungsbauer/in
34212,Zentralheizungsbauer/in
34212,Zentralheizungsinstallateur/in
34212,Zentralheizungsmonteur/in
93613,Zupfinstrumentensachverständige/r
© Statistik der Bundesagentur für Arbeit,"Erstellungsdatum: 21.01.2025, DK"
